[
  {
    "systemId": "153",
    "productCode": "PCV",
    "subProductCode": "040",
    "productName": "ANZ First",
    "name": "ANZ First",
    "productCategory": "CRED_AND_CHRG_CARDS",
    "openBankingCategory": "CRED_AND_CHRG_CARDS",
    "openBankingEligibility": true,
    "systemName": "VIS"
  },
  {
    "systemId": "153",
    "productCode": "PCV",
    "subProductCode": "034",
    "productName": "ANZ Low rate visa",
    "name": "ANZ Low rate visa",
    "productCategory": "CRED_AND_CHRG_CARDS",
    "openBankingCategory": "CRED_AND_CHRG_CARDS",
    "openBankingEligibility": true,
    "systemName": "VIS"
  },
  {
    "systemId": "153",
    "productCode": "PCP",
    "subProductCode": "010",
    "productName": "ANZ Visa Paycard",
    "name": "ANZ Visa Paycard",
    "productCategory": "CRED_AND_CHRG_CARDS",
    "openBankingCategory": "CRED_AND_CHRG_CARDS",
    "openBankingEligibility": true,
    "systemName": "VIS"
  },
  {
    "systemId": "153",
    "productCode": "PCP",
    "subProductCode": "048",
    "productName": "ANZ Platinum",
    "name": "ANZ Platinum",
    "productCategory": "CRED_AND_CHRG_CARDS",
    "openBankingCategory": "CRED_AND_CHRG_CARDS",
    "openBankingEligibility": true,
    "systemName": "VIS"
  },
  {
    "systemId": "153",
    "productCode": "PCP",
    "subProductCode": "007",
    "productName": "ANZ Frequent Flyer",
    "name": "ANZ Frequent Flyer",
    "productCategory": "CRED_AND_CHRG_CARDS",
    "openBankingCategory": "CRED_AND_CHRG_CARDS",
    "openBankingEligibility": true,
    "systemName": "VIS"
  },
  {
    "systemId": "153",
    "productCode": "PCP",
    "subProductCode": "030",
    "productName": "ANZ Rewards Visa",
    "name": "ANZ Rewards Visa",
    "productCategory": "CRED_AND_CHRG_CARDS",
    "openBankingCategory": "CRED_AND_CHRG_CARDS",
    "openBankingEligibility": true,
    "systemName": "VIS"
  },
  {
    "systemId": "153",
    "productCode": "PCP",
    "subProductCode": "011",
    "productName": "ANZ Rewards Visa Paycard",
    "name": "ANZ Rewards Visa Paycard",
    "productCategory": "CRED_AND_CHRG_CARDS",
    "openBankingCategory": "CRED_AND_CHRG_CARDS",
    "openBankingEligibility": true,
    "systemName": "VIS"
  },
  {
    "systemId": "153",
    "productCode": "PCP",
    "subProductCode": "008",
    "productName": "ANZ Frequent Flyer Platinum Visa",
    "name": "ANZ Frequent Flyer Platinum Visa",
    "productCategory": "CRED_AND_CHRG_CARDS",
    "openBankingCategory": "CRED_AND_CHRG_CARDS",
    "openBankingEligibility": true,
    "systemName": "VIS"
  },
  {
    "systemId": "153",
    "productCode": "PCP",
    "subProductCode": "031",
    "productName": "ANZ Rewards Platinum Visa",
    "name": "ANZ Rewards Platinum Visa",
    "productCategory": "CRED_AND_CHRG_CARDS",
    "openBankingCategory": "CRED_AND_CHRG_CARDS",
    "openBankingEligibility": true,
    "systemName": "VIS"
  },
  {
    "systemId": "153",
    "productCode": "PCV",
    "subProductCode": "047",
    "productName": "ANZ Freq Flyer Visa Plat",
    "name": "ANZ Freq Flyer Visa Plat",
    "productCategory": "CRED_AND_CHRG_CARDS",
    "openBankingCategory": "CRED_AND_CHRG_CARDS",
    "openBankingEligibility": true,
    "systemName": "VIS"
  },
  {
    "systemId": "153",
    "productCode": "PCP",
    "subProductCode": "012",
    "productName": "ANZ Balance Visa",
    "name": "ANZ Balance Visa",
    "productCategory": "CRED_AND_CHRG_CARDS",
    "openBankingCategory": "CRED_AND_CHRG_CARDS",
    "openBankingEligibility": true,
    "systemName": "VIS"
  },
  {
    "systemId": "153",
    "productCode": "PCV",
    "subProductCode": "032",
    "productName": "ANZ Rewards Black Visa",
    "name": "ANZ Rewards Black Visa",
    "productCategory": "CRED_AND_CHRG_CARDS",
    "openBankingCategory": "CRED_AND_CHRG_CARDS",
    "openBankingEligibility": true,
    "systemName": "VIS"
  },
  {
    "systemId": "153",
    "productCode": "PCV",
    "subProductCode": "049",
    "productName": "ANZ Frequent Flyer Black Visa",
    "name": "ANZ Frequent Flyer Black Visa",
    "productCategory": "CRED_AND_CHRG_CARDS",
    "openBankingCategory": "CRED_AND_CHRG_CARDS",
    "openBankingEligibility": true,
    "systemName": "VIS"
  },
  {
    "systemId": "153",
    "productCode": "PCP",
    "subProductCode": "032",
    "productName": "ANZ Rewards Travel Adventures Visa",
    "name": "ANZ Rewards Travel Adventures Visa",
    "productCategory": "CRED_AND_CHRG_CARDS",
    "openBankingCategory": "CRED_AND_CHRG_CARDS",
    "openBankingEligibility": true,
    "systemName": "VIS"
  },
  {
    "systemId": "961",
    "productCode": "CDA",
    "subProductCode": "AA",
    "productName": "Term Deposit - Monthly Interest",
    "name": "Term Deposit - Monthly Interest",
    "productCategory": "TERM_DEPOSITS",
    "openBankingCategory": "TERM_DEPOSITS",
    "openBankingEligibility": true,
    "systemName": "CAP"
  },
  {
    "systemId": "961",
    "productCode": "CDA",
    "subProductCode": "AB",
    "productName": "Term Deposit - Quarterly Interest",
    "name": "Term Deposit - Quarterly Interest",
    "productCategory": "TERM_DEPOSITS",
    "openBankingCategory": "TERM_DEPOSITS",
    "openBankingEligibility": true,
    "systemName": "CAP"
  },
  {
    "systemId": "961",
    "productCode": "CDA",
    "subProductCode": "AC",
    "productName": "Term Deposit - Half Yearly Interest",
    "name": "Term Deposit - Half Yearly Interest",
    "productCategory": "TERM_DEPOSITS",
    "openBankingCategory": "TERM_DEPOSITS",
    "openBankingEligibility": true,
    "systemName": "CAP"
  },
  {
    "systemId": "961",
    "productCode": "CDA",
    "subProductCode": "AD",
    "productName": "Term Deposit - Yearly Interest",
    "name": "Term Deposit - Yearly Interest",
    "productCategory": "TERM_DEPOSITS",
    "openBankingCategory": "TERM_DEPOSITS",
    "openBankingEligibility": true,
    "systemName": "CAP"
  },
  {
    "systemId": "961",
    "productCode": "CDA",
    "subProductCode": "AE",
    "productName": "Term Deposit - Interest At Maturity",
    "name": "Term Deposit - Interest At Maturity",
    "productCategory": "TERM_DEPOSITS",
    "openBankingCategory": "TERM_DEPOSITS",
    "openBankingEligibility": true,
    "systemName": "CAP"
  },
  {
    "systemId": "961",
    "productCode": "CDA",
    "subProductCode": "AG",
    "productName": "Term Deposit",
    "name": "Term Deposit",
    "productCategory": "TERM_DEPOSITS",
    "openBankingCategory": "TERM_DEPOSITS",
    "openBankingEligibility": true,
    "systemName": "CAP"
  },
  {
    "systemId": "961",
    "productCode": "CDA",
    "subProductCode": "AQ",
    "productName": "Farm Management Deposit Fixed Term",
    "name": "Farm Management Deposit Fixed Term",
    "productCategory": "TERM_DEPOSITS",
    "openBankingCategory": "TERM_DEPOSITS",
    "openBankingEligibility": true,
    "systemName": "CAP"
  },
  {
    "systemId": "961",
    "productCode": "CDA",
    "subProductCode": "AR",
    "productName": "Term Deposit - Seniors Privilege",
    "name": "Term Deposit - Seniors Privilege",
    "productCategory": "TERM_DEPOSITS",
    "openBankingCategory": "TERM_DEPOSITS",
    "openBankingEligibility": true,
    "systemName": "CAP"
  },
  {
    "systemId": "961",
    "productCode": "CDA",
    "subProductCode": "EH",
    "productName": "Esanda Term Deposit",
    "name": "Esanda Term Deposit",
    "productCategory": "TERM_DEPOSITS",
    "openBankingCategory": "TERM_DEPOSITS",
    "openBankingEligibility": true,
    "systemName": "CAP"
  },
  {
    "systemId": "961",
    "productCode": "CDA",
    "subProductCode": "EI",
    "productName": "Esanda Term Deposit",
    "name": "Esanda Term Deposit",
    "productCategory": "TERM_DEPOSITS",
    "openBankingCategory": "TERM_DEPOSITS",
    "openBankingEligibility": true,
    "systemName": "CAP"
  },
  {
    "systemId": "961",
    "productCode": "CDA",
    "subProductCode": "TA",
    "productName": "ANZ Advance Notice Term Deposit",
    "name": "ANZ Advance Notice Term Deposit",
    "productCategory": "TERM_DEPOSITS",
    "openBankingCategory": "TERM_DEPOSITS",
    "openBankingEligibility": true,
    "systemName": "CAP"
  },
  {
    "systemId": "961",
    "productCode": "CDA",
    "subProductCode": "TB",
    "productName": "ANZ Advance Notice Term Deposit",
    "name": "ANZ Advance Notice Term Deposit",
    "productCategory": "TERM_DEPOSITS",
    "openBankingCategory": "TERM_DEPOSITS",
    "openBankingEligibility": true,
    "systemName": "CAP"
  },
  {
    "systemId": "961",
    "productCode": "CDA",
    "subProductCode": "TA",
    "productName": "ANZ Advance Notice Term Deposit",
    "name": "ANZ Advance Notice Term Deposit",
    "productCategory": "TERM_DEPOSITS",
    "openBankingCategory": "TERM_DEPOSITS",
    "openBankingEligibility": true,
    "systemName": "CAP"
  },
  {
    "systemId": "961",
    "productCode": "CDA",
    "subProductCode": "TB",
    "productName": "ANZ Advance Notice Term Deposit",
    "name": "ANZ Advance Notice Term Deposit",
    "productCategory": "TERM_DEPOSITS",
    "openBankingCategory": "TERM_DEPOSITS",
    "openBankingEligibility": true,
    "systemName": "CAP"
  },
  {
    "systemId": "961",
    "productCode": "CDA",
    "subProductCode": "TC",
    "productName": "ANZ Advance Notice Term Deposit",
    "name": "ANZ Advance Notice Term Deposit",
    "productCategory": "TERM_DEPOSITS",
    "openBankingCategory": "TERM_DEPOSITS",
    "openBankingEligibility": true,
    "systemName": "CAP"
  },
  {
    "systemId": "961",
    "productCode": "CDA",
    "subProductCode": "TD",
    "productName": "ANZ Advance Notice Term Deposit",
    "name": "ANZ Advance Notice Term Deposit",
    "productCategory": "TERM_DEPOSITS",
    "openBankingCategory": "TERM_DEPOSITS",
    "openBankingEligibility": true,
    "systemName": "CAP"
  },
  {
    "systemId": "961",
    "productCode": "CDA",
    "subProductCode": "TE",
    "productName": "ANZ Advance Notice Term Deposit",
    "name": "ANZ Advance Notice Term Deposit",
    "productCategory": "TERM_DEPOSITS",
    "openBankingCategory": "TERM_DEPOSITS",
    "openBankingEligibility": true,
    "systemName": "CAP"
  },
  {
    "systemId": "961",
    "productCode": "CDA",
    "subProductCode": "TF",
    "productName": "ANZ Business Notice Term Deposit",
    "name": "ANZ Business Notice Term Deposit",
    "productCategory": "TERM_DEPOSITS",
    "openBankingCategory": "TERM_DEPOSITS",
    "openBankingEligibility": true,
    "systemName": "CAP"
  },
  {
    "systemId": "961",
    "productCode": "CDA",
    "subProductCode": "TG",
    "productName": "ANZ Advance Notice Term Deposit",
    "name": "ANZ Advance Notice Term Deposit",
    "productCategory": "TERM_DEPOSITS",
    "openBankingCategory": "TERM_DEPOSITS",
    "openBankingEligibility": true,
    "systemName": "CAP"
  },
  {
    "systemId": "961",
    "productCode": "CDA",
    "subProductCode": "TH",
    "productName": "ANZ Business Notice Term Deposit",
    "name": "ANZ Business Notice Term Deposit",
    "productCategory": "TERM_DEPOSITS",
    "openBankingCategory": "TERM_DEPOSITS",
    "openBankingEligibility": true,
    "systemName": "CAP"
  },
  {
    "systemId": "961",
    "productCode": "CDA",
    "subProductCode": "TJ",
    "productName": "ANZ Business Notice Term Deposit",
    "name": "ANZ Business Notice Term Deposit",
    "productCategory": "TERM_DEPOSITS",
    "openBankingCategory": "TERM_DEPOSITS",
    "openBankingEligibility": true,
    "systemName": "CAP"
  },
  {
    "systemId": "961",
    "productCode": "CDA",
    "subProductCode": "TK",
    "productName": "ANZ Business Notice Term Deposit",
    "name": "ANZ Business Notice Term Deposit",
    "productCategory": "TERM_DEPOSITS",
    "openBankingCategory": "TERM_DEPOSITS",
    "openBankingEligibility": true,
    "systemName": "CAP"
  },
  {
    "systemId": "961",
    "productCode": "CDA",
    "subProductCode": "TL",
    "productName": "ANZ Business Notice Term Deposit",
    "name": "ANZ Business Notice Term Deposit",
    "productCategory": "TERM_DEPOSITS",
    "openBankingCategory": "TERM_DEPOSITS",
    "openBankingEligibility": true,
    "systemName": "CAP"
  },
  {
    "systemId": "961",
    "productCode": "CDA",
    "subProductCode": "WM",
    "productName": "School Term Deposit - Monthly Interest",
    "name": "School Term Deposit - Monthly Interest",
    "productCategory": "TERM_DEPOSITS",
    "openBankingCategory": "TERM_DEPOSITS",
    "openBankingEligibility": true,
    "systemName": "CAP"
  },
  {
    "systemId": "961",
    "productCode": "CDA",
    "subProductCode": "WN",
    "productName": "School Term Deposit - Quarterly Interest",
    "name": "School Term Deposit - Quarterly Interest",
    "productCategory": "TERM_DEPOSITS",
    "openBankingCategory": "TERM_DEPOSITS",
    "openBankingEligibility": true,
    "systemName": "CAP"
  },
  {
    "systemId": "961",
    "productCode": "CDA",
    "subProductCode": "WO",
    "productName": "School Term Deposit - Half Yearly Interest",
    "name": "School Term Deposit - Half Yearly Interest",
    "productCategory": "TERM_DEPOSITS",
    "openBankingCategory": "TERM_DEPOSITS",
    "openBankingEligibility": true,
    "systemName": "CAP"
  },
  {
    "systemId": "961",
    "productCode": "CDA",
    "subProductCode": "WP",
    "productName": "School Term Deposit - Yearly Interest",
    "name": "School Term Deposit - Yearly Interest",
    "productCategory": "TERM_DEPOSITS",
    "openBankingCategory": "TERM_DEPOSITS",
    "openBankingEligibility": true,
    "systemName": "CAP"
  },
  {
    "systemId": "961",
    "productCode": "CDA",
    "subProductCode": "WQ",
    "productName": "School Term Deposit - Interest at Maturity",
    "name": "School Term Deposit - Interest at Maturity",
    "productCategory": "TERM_DEPOSITS",
    "openBankingCategory": "TERM_DEPOSITS",
    "openBankingEligibility": true,
    "systemName": "CAP"
  },
  {
    "systemId": "961",
    "productCode": "CDA",
    "subProductCode": "WR",
    "productName": "School Term Deposit",
    "name": "School Term Deposit",
    "productCategory": "TERM_DEPOSITS",
    "openBankingCategory": "TERM_DEPOSITS",
    "openBankingEligibility": true,
    "systemName": "CAP"
  },
  {
    "systemId": "965",
    "productCode": "RSV",
    "subProductCode": "BA",
    "productName": "Passbook Savings Account",
    "name": "Passbook Savings Account",
    "productCategory": "TRANS_AND_SAVINGS_ACCOUNTS",
    "openBankingCategory": "TRANS_AND_SAVINGS_ACCOUNTS",
    "openBankingEligibility": true,
    "systemName": "CAP"
  },
  {
    "systemId": "965",
    "productCode": "RSV",
    "subProductCode": "BB",
    "productName": "Passbook Savings Account",
    "name": "Passbook Savings Account",
    "productCategory": "TRANS_AND_SAVINGS_ACCOUNTS",
    "openBankingCategory": "TRANS_AND_SAVINGS_ACCOUNTS",
    "openBankingEligibility": true,
    "systemName": "CAP"
  },
  {
    "systemId": "965",
    "productCode": "RSV",
    "subProductCode": "BD",
    "productName": "High Performance Passbook Account",
    "name": "High Performance Passbook Account",
    "productCategory": "TRANS_AND_SAVINGS_ACCOUNTS",
    "openBankingCategory": "TRANS_AND_SAVINGS_ACCOUNTS",
    "openBankingEligibility": true,
    "systemName": "CAP"
  },
  {
    "systemId": "965",
    "productCode": "RSV",
    "subProductCode": "BE",
    "productName": "ANZ Passbook Pensioner Advantage",
    "name": "ANZ Passbook Pensioner Advantage",
    "productCategory": "TRANS_AND_SAVINGS_ACCOUNTS",
    "openBankingCategory": "TRANS_AND_SAVINGS_ACCOUNTS",
    "openBankingEligibility": true,
    "systemName": "CAP"
  },
  {
    "systemId": "965",
    "productCode": "RSV",
    "subProductCode": "BG",
    "productName": "ANZ Passbook Pensioner Advantage",
    "name": "ANZ Passbook Pensioner Advantage",
    "productCategory": "TRANS_AND_SAVINGS_ACCOUNTS",
    "openBankingCategory": "TRANS_AND_SAVINGS_ACCOUNTS",
    "openBankingEligibility": true,
    "systemName": "CAP"
  },
  {
    "systemId": "967",
    "productCode": "DDA",
    "subProductCode": "CB",
    "productName": "Business Classic Account",
    "name": "Business Classic Account",
    "productCategory": "TRANS_AND_SAVINGS_ACCOUNTS",
    "openBankingCategory": "TRANS_AND_SAVINGS_ACCOUNTS",
    "openBankingEligibility": true,
    "systemName": "CAP"
  },
  {
    "systemId": "967",
    "productCode": "DDA",
    "subProductCode": "CD",
    "productName": "Business Advantage",
    "name": "Business Advantage",
    "productCategory": "TRANS_AND_SAVINGS_ACCOUNTS",
    "openBankingCategory": "TRANS_AND_SAVINGS_ACCOUNTS",
    "openBankingEligibility": true,
    "systemName": "CAP"
  },
  {
    "systemId": "967",
    "productCode": "DDA",
    "subProductCode": "CF",
    "productName": "ANZ Pensioner Advantage",
    "name": "ANZ Pensioner Advantage",
    "productCategory": "TRANS_AND_SAVINGS_ACCOUNTS",
    "openBankingCategory": "TRANS_AND_SAVINGS_ACCOUNTS",
    "openBankingEligibility": true,
    "systemName": "CAP"
  },
  {
    "systemId": "967",
    "productCode": "DDA",
    "subProductCode": "CG",
    "productName": "Access Select Account",
    "name": "Access Select Account",
    "productCategory": "TRANS_AND_SAVINGS_ACCOUNTS",
    "openBankingCategory": "TRANS_AND_SAVINGS_ACCOUNTS",
    "openBankingEligibility": true,
    "systemName": "CAP"
  },
  {
    "systemId": "967",
    "productCode": "DDA",
    "subProductCode": "CX",
    "productName": "Access Select Account",
    "name": "Access Select Account",
    "productCategory": "TRANS_AND_SAVINGS_ACCOUNTS",
    "openBankingCategory": "TRANS_AND_SAVINGS_ACCOUNTS",
    "openBankingEligibility": true,
    "systemName": "CAP"
  },
  {
    "systemId": "967",
    "productCode": "DDA",
    "subProductCode": "EB",
    "productName": "ANZ Premium Cash Management Account",
    "name": "ANZ Premium Cash Management Account",
    "productCategory": "TRANS_AND_SAVINGS_ACCOUNTS",
    "openBankingCategory": "TRANS_AND_SAVINGS_ACCOUNTS",
    "openBankingEligibility": true,
    "systemName": "CAP"
  },
  {
    "systemId": "967",
    "productCode": "DDA",
    "subProductCode": "ED",
    "productName": "ANZ Online Saver",
    "name": "ANZ Online Saver",
    "productCategory": "TRANS_AND_SAVINGS_ACCOUNTS",
    "openBankingCategory": "TRANS_AND_SAVINGS_ACCOUNTS",
    "openBankingEligibility": true,
    "systemName": "CAP"
  },
  {
    "systemId": "967",
    "productCode": "DDA",
    "subProductCode": "ET",
    "productName": "Cash Investment Account",
    "name": "Cash Investment Account",
    "productCategory": "TRANS_AND_SAVINGS_ACCOUNTS",
    "openBankingCategory": "TRANS_AND_SAVINGS_ACCOUNTS",
    "openBankingEligibility": true,
    "systemName": "CAP"
  },
  {
    "systemId": "967",
    "productCode": "DDA",
    "subProductCode": "FM",
    "productName": "Farm Management Account",
    "name": "Farm Management Account",
    "productCategory": "TRANS_AND_SAVINGS_ACCOUNTS",
    "openBankingCategory": "TRANS_AND_SAVINGS_ACCOUNTS",
    "openBankingEligibility": true,
    "systemName": "CAP"
  },
  {
    "systemId": "967",
    "productCode": "DDA",
    "subProductCode": "GS",
    "productName": "GST Payment Cheque Account",
    "name": "GST Payment Cheque Account",
    "productCategory": "TRANS_AND_SAVINGS_ACCOUNTS",
    "openBankingCategory": "TRANS_AND_SAVINGS_ACCOUNTS",
    "openBankingEligibility": true,
    "systemName": "CAP"
  },
  {
    "systemId": "967",
    "productCode": "DDA",
    "subProductCode": "GT",
    "productName": "GST Payment Account",
    "name": "GST Payment Account",
    "productCategory": "TRANS_AND_SAVINGS_ACCOUNTS",
    "openBankingCategory": "TRANS_AND_SAVINGS_ACCOUNTS",
    "openBankingEligibility": true,
    "systemName": "CAP"
  },
  {
    "systemId": "967",
    "productCode": "DDA",
    "subProductCode": "HD",
    "productName": "Business Online Saver",
    "name": "Business Online Saver",
    "productCategory": "TRANS_AND_SAVINGS_ACCOUNTS",
    "openBankingCategory": "TRANS_AND_SAVINGS_ACCOUNTS",
    "openBankingEligibility": true,
    "systemName": "CAP"
  },
  {
    "systemId": "967",
    "productCode": "DDA",
    "subProductCode": "HI",
    "productName": "ANZ Investor Cash Hub",
    "name": "ANZ Investor Cash Hub",
    "productCategory": "TRANS_AND_SAVINGS_ACCOUNTS",
    "openBankingCategory": "TRANS_AND_SAVINGS_ACCOUNTS",
    "openBankingEligibility": true,
    "systemName": "CAP"
  },
  {
    "systemId": "967",
    "productCode": "DDA",
    "subProductCode": "HL",
    "productName": "Home Loan Interest Saver",
    "name": "Home Loan Interest Saver",
    "productCategory": "TRANS_AND_SAVINGS_ACCOUNTS",
    "openBankingCategory": "TRANS_AND_SAVINGS_ACCOUNTS",
    "openBankingEligibility": true,
    "systemName": "CAP"
  },
  {
    "systemId": "967",
    "productCode": "DDA",
    "subProductCode": "I1",
    "productName": "Business Extra 50 Account",
    "name": "Business Extra 50 Account",
    "productCategory": "TRANS_AND_SAVINGS_ACCOUNTS",
    "openBankingCategory": "TRANS_AND_SAVINGS_ACCOUNTS",
    "openBankingEligibility": true,
    "systemName": "CAP"
  },
  {
    "systemId": "967",
    "productCode": "DDA",
    "subProductCode": "I3",
    "productName": "Business Extra Account",
    "name": "Business Extra Account",
    "productCategory": "TRANS_AND_SAVINGS_ACCOUNTS",
    "openBankingCategory": "TRANS_AND_SAVINGS_ACCOUNTS",
    "openBankingEligibility": true,
    "systemName": "CAP"
  },
  {
    "systemId": "967",
    "productCode": "DDA",
    "subProductCode": "M1",
    "productName": "ANZ One - Cheque Account",
    "name": "ANZ One - Cheque Account",
    "productCategory": "TRANS_AND_SAVINGS_ACCOUNTS",
    "openBankingCategory": "TRANS_AND_SAVINGS_ACCOUNTS",
    "openBankingEligibility": true,
    "systemName": "CAP"
  },
  {
    "systemId": "967",
    "productCode": "DDA",
    "subProductCode": "M3",
    "productName": "Business Mortgage Loan Offset Cheque Account",
    "name": "Business Mortgage Loan Offset Cheque Account",
    "productCategory": "TRANS_AND_SAVINGS_ACCOUNTS",
    "openBankingCategory": "TRANS_AND_SAVINGS_ACCOUNTS",
    "openBankingEligibility": true,
    "systemName": "CAP"
  },
  {
    "systemId": "967",
    "productCode": "DDA",
    "subProductCode": "NF",
    "productName": "Negotiator Transactor",
    "name": "Negotiator Transactor",
    "productCategory": "TRANS_AND_SAVINGS_ACCOUNTS",
    "openBankingCategory": "TRANS_AND_SAVINGS_ACCOUNTS",
    "openBankingEligibility": true,
    "systemName": "CAP"
  },
  {
    "systemId": "967",
    "productCode": "DDA",
    "subProductCode": "NH",
    "productName": "Business Premium Saver Account",
    "name": "Business Premium Saver Account",
    "productCategory": "TRANS_AND_SAVINGS_ACCOUNTS",
    "openBankingCategory": "TRANS_AND_SAVINGS_ACCOUNTS",
    "openBankingEligibility": true,
    "systemName": "CAP"
  },
  {
    "systemId": "967",
    "productCode": "DDA",
    "subProductCode": "NI",
    "productName": "Negotiator Investor",
    "name": "Negotiator Investor",
    "productCategory": "TRANS_AND_SAVINGS_ACCOUNTS",
    "openBankingCategory": "TRANS_AND_SAVINGS_ACCOUNTS",
    "openBankingEligibility": true,
    "systemName": "CAP"
  },
  {
    "systemId": "967",
    "productCode": "DDA",
    "subProductCode": "PR",
    "productName": "Premier Cheque Account",
    "name": "Premier Cheque Account",
    "productCategory": "TRANS_AND_SAVINGS_ACCOUNTS",
    "openBankingCategory": "TRANS_AND_SAVINGS_ACCOUNTS",
    "openBankingEligibility": true,
    "systemName": "CAP"
  },
  {
    "systemId": "967",
    "productCode": "DDA",
    "subProductCode": "PT",
    "productName": "ANZ Access Advantage",
    "name": "ANZ Access Advantage",
    "productCategory": "TRANS_AND_SAVINGS_ACCOUNTS",
    "openBankingCategory": "TRANS_AND_SAVINGS_ACCOUNTS",
    "openBankingEligibility": true,
    "systemName": "CAP"
  },
  {
    "systemId": "967",
    "productCode": "DDA",
    "subProductCode": "PV",
    "productName": "Prime Cash Management Account",
    "name": "Prime Cash Management Account",
    "productCategory": "TRANS_AND_SAVINGS_ACCOUNTS",
    "openBankingCategory": "TRANS_AND_SAVINGS_ACCOUNTS",
    "openBankingEligibility": true,
    "systemName": "CAP"
  },
  {
    "systemId": "967",
    "productCode": "DDA",
    "subProductCode": "RB",
    "productName": "Equity Manager Account",
    "name": "Equity Manager Account",
    "productCategory": "RESIDENTIAL_MORTGAGES",
    "openBankingCategory": "RESIDENTIAL_MORTGAGES",
    "openBankingEligibility": true,
    "systemName": "CAP"
  },
  {
    "systemId": "967",
    "productCode": "DDA",
    "subProductCode": "RC",
    "productName": "Equity Manager Account",
    "name": "Equity Manager Account",
    "productCategory": "RESIDENTIAL_MORTGAGES",
    "openBankingCategory": "RESIDENTIAL_MORTGAGES",
    "openBankingEligibility": true,
    "systemName": "CAP"
  },
  {
    "systemId": "967",
    "productCode": "DDA",
    "subProductCode": "S1",
    "productName": "Staff Cheque Account",
    "name": "Staff Cheque Account",
    "productCategory": "TRANS_AND_SAVINGS_ACCOUNTS",
    "openBankingCategory": "TRANS_AND_SAVINGS_ACCOUNTS",
    "openBankingEligibility": true,
    "systemName": "CAP"
  },
  {
    "systemId": "967",
    "productCode": "DDA",
    "subProductCode": "S2",
    "productName": "Retired Officer's Cheque Account",
    "name": "Retired Officer's Cheque Account",
    "productCategory": "TRANS_AND_SAVINGS_ACCOUNTS",
    "openBankingCategory": "TRANS_AND_SAVINGS_ACCOUNTS",
    "openBankingEligibility": true,
    "systemName": "CAP"
  },
  {
    "systemId": "967",
    "productCode": "DDA",
    "subProductCode": "SA",
    "productName": "Progress Saver Account",
    "name": "Progress Saver Account",
    "productCategory": "TRANS_AND_SAVINGS_ACCOUNTS",
    "openBankingCategory": "TRANS_AND_SAVINGS_ACCOUNTS",
    "openBankingEligibility": true,
    "systemName": "CAP"
  },
  {
    "systemId": "967",
    "productCode": "DDA",
    "subProductCode": "SD",
    "productName": "Security Deposit Account",
    "name": "Security Deposit Account",
    "productCategory": "TRANS_AND_SAVINGS_ACCOUNTS",
    "openBankingCategory": "TRANS_AND_SAVINGS_ACCOUNTS",
    "openBankingEligibility": true,
    "systemName": "CAP"
  },
  {
    "systemId": "967",
    "productCode": "DDA",
    "subProductCode": "SN",
    "productName": "ANZ Access Account",
    "name": "ANZ Access Account",
    "productCategory": "TRANS_AND_SAVINGS_ACCOUNTS",
    "openBankingCategory": "TRANS_AND_SAVINGS_ACCOUNTS",
    "openBankingEligibility": true,
    "systemName": "CAP"
  },
  {
    "systemId": "967",
    "productCode": "DDA",
    "subProductCode": "ZE",
    "productName": "Non Accrual Account",
    "name": "Non Accrual Account",
    "productCategory": "TRANS_AND_SAVINGS_ACCOUNTS",
    "openBankingCategory": "TRANS_AND_SAVINGS_ACCOUNTS",
    "openBankingEligibility": true,
    "systemName": "CAP"
  },
  {
    "systemId": "963",
    "productCode": "ILS",
    "subProductCode": "BAB",
    "productName": "Investment Property Loan",
    "name": "Investment Property Loan",
    "productCategory": "RESIDENTIAL_MORTGAGES",
    "openBankingCategory": "RESIDENTIAL_MORTGAGES",
    "openBankingEligibility": true,
    "systemName": "CAP"
  },
  {
    "systemId": "963",
    "productCode": "ILS",
    "subProductCode": "BAC",
    "productName": "Relief Home Loan",
    "name": "Relief Home Loan",
    "productCategory": "RESIDENTIAL_MORTGAGES",
    "openBankingCategory": "RESIDENTIAL_MORTGAGES",
    "openBankingEligibility": true,
    "systemName": "CAP"
  },
  {
    "systemId": "963",
    "productCode": "ILS",
    "subProductCode": "BFB",
    "productName": "Investment Property Loan",
    "name": "Investment Property Loan",
    "productCategory": "RESIDENTIAL_MORTGAGES",
    "openBankingCategory": "RESIDENTIAL_MORTGAGES",
    "openBankingEligibility": true,
    "systemName": "CAP"
  },
  {
    "systemId": "963",
    "productCode": "ILS",
    "subProductCode": "BIC",
    "productName": "Simplicity Plus Residential Investment Loan",
    "name": "Simplicity Plus Residential Investment Loan",
    "productCategory": "RESIDENTIAL_MORTGAGES",
    "openBankingCategory": "RESIDENTIAL_MORTGAGES",
    "openBankingEligibility": true,
    "systemName": "CAP"
  },
  {
    "systemId": "963",
    "productCode": "ILS",
    "subProductCode": "BVB",
    "productName": "Investment Property Loan",
    "name": "Investment Property Loan",
    "productCategory": "RESIDENTIAL_MORTGAGES",
    "openBankingCategory": "RESIDENTIAL_MORTGAGES",
    "openBankingEligibility": true,
    "systemName": "CAP"
  },
  {
    "systemId": "963",
    "productCode": "ILS",
    "subProductCode": "BVC",
    "productName": "Simplicity Plus Home Loan",
    "name": "Simplicity Plus Home Loan",
    "productCategory": "RESIDENTIAL_MORTGAGES",
    "openBankingCategory": "RESIDENTIAL_MORTGAGES",
    "openBankingEligibility": true,
    "systemName": "CAP"
  },
  {
    "systemId": "963",
    "productCode": "ILS",
    "subProductCode": "CFB",
    "productName": "Company Home Loan",
    "name": "Company Home Loan",
    "productCategory": "RESIDENTIAL_MORTGAGES",
    "openBankingCategory": "RESIDENTIAL_MORTGAGES",
    "openBankingEligibility": true,
    "systemName": "CAP"
  },
  {
    "systemId": "963",
    "productCode": "ILS",
    "subProductCode": "CVB",
    "productName": "Company Home Loan",
    "name": "Company Home Loan",
    "productCategory": "RESIDENTIAL_MORTGAGES",
    "openBankingCategory": "RESIDENTIAL_MORTGAGES",
    "openBankingEligibility": true,
    "systemName": "CAP"
  },
  {
    "systemId": "963",
    "productCode": "ILS",
    "subProductCode": "HBB",
    "productName": "ANZ Business Saver",
    "name": "ANZ Business Saver",
    "productCategory": "BUSINESS_LOANS",
    "openBankingCategory": "BUSINESS_LOANS",
    "openBankingEligibility": true,
    "systemName": "CAP"
  },
  {
    "systemId": "963",
    "productCode": "ILS",
    "subProductCode": "HBC",
    "productName": "Money Saver Home Loan",
    "name": "Money Saver Home Loan",
    "productCategory": "RESIDENTIAL_MORTGAGES",
    "openBankingCategory": "RESIDENTIAL_MORTGAGES",
    "openBankingEligibility": true,
    "systemName": "CAP"
  },
  {
    "systemId": "963",
    "productCode": "ILS",
    "subProductCode": "HFC",
    "productName": "Home Loan",
    "name": "Home Loan",
    "productCategory": "RESIDENTIAL_MORTGAGES",
    "openBankingCategory": "RESIDENTIAL_MORTGAGES",
    "openBankingEligibility": true,
    "systemName": "CAP"
  },
  {
    "systemId": "963",
    "productCode": "ILS",
    "subProductCode": "HLC",
    "productName": "Money Saver Land Loan",
    "name": "Money Saver Land Loan",
    "productCategory": "RESIDENTIAL_MORTGAGES",
    "openBankingCategory": "RESIDENTIAL_MORTGAGES",
    "openBankingEligibility": true,
    "systemName": "CAP"
  },
  {
    "systemId": "963",
    "productCode": "ILS",
    "subProductCode": "HRC",
    "productName": "Residential Land Loan",
    "name": "Residential Land Loan",
    "productCategory": "RESIDENTIAL_MORTGAGES",
    "openBankingCategory": "RESIDENTIAL_MORTGAGES",
    "openBankingEligibility": true,
    "systemName": "CAP"
  },
  {
    "systemId": "963",
    "productCode": "ILS",
    "subProductCode": "HVC",
    "productName": "Home Loan",
    "name": "Home Loan",
    "productCategory": "RESIDENTIAL_MORTGAGES",
    "openBankingCategory": "RESIDENTIAL_MORTGAGES",
    "openBankingEligibility": true,
    "systemName": "CAP"
  },
  {
    "systemId": "963",
    "productCode": "ILS",
    "subProductCode": "IAB",
    "productName": "Residential Investment Property Loan",
    "name": "Residential Investment Property Loan",
    "productCategory": "RESIDENTIAL_MORTGAGES",
    "openBankingCategory": "RESIDENTIAL_MORTGAGES",
    "openBankingEligibility": true,
    "systemName": "CAP"
  },
  {
    "systemId": "963",
    "productCode": "ILS",
    "subProductCode": "IAC",
    "productName": "Residential Investment Loan",
    "name": "Residential Investment Loan",
    "productCategory": "RESIDENTIAL_MORTGAGES",
    "openBankingCategory": "RESIDENTIAL_MORTGAGES",
    "openBankingEligibility": true,
    "systemName": "CAP"
  },
  {
    "systemId": "963",
    "productCode": "ILS",
    "subProductCode": "IBB",
    "productName": "Business Money Saver Residential Investment Loan",
    "name": "Business Money Saver Residential Investment Loan",
    "productCategory": "RESIDENTIAL_MORTGAGES",
    "openBankingCategory": "RESIDENTIAL_MORTGAGES",
    "openBankingEligibility": true,
    "systemName": "CAP"
  },
  {
    "systemId": "963",
    "productCode": "ILS",
    "subProductCode": "IBC",
    "productName": "Investment Loan",
    "name": "Investment Loan",
    "productCategory": "RESIDENTIAL_MORTGAGES",
    "openBankingCategory": "RESIDENTIAL_MORTGAGES",
    "openBankingEligibility": true,
    "systemName": "CAP"
  },
  {
    "systemId": "963",
    "productCode": "ILS",
    "subProductCode": "IFB",
    "productName": "Residential Investment Property Loan",
    "name": "Residential Investment Property Loan",
    "productCategory": "RESIDENTIAL_MORTGAGES",
    "openBankingCategory": "RESIDENTIAL_MORTGAGES",
    "openBankingEligibility": true,
    "systemName": "CAP"
  },
  {
    "systemId": "963",
    "productCode": "ILS",
    "subProductCode": "IFC",
    "productName": "Residential Investment Loan",
    "name": "Residential Investment Loan",
    "productCategory": "RESIDENTIAL_MORTGAGES",
    "openBankingCategory": "RESIDENTIAL_MORTGAGES",
    "openBankingEligibility": true,
    "systemName": "CAP"
  },
  {
    "systemId": "963",
    "productCode": "ILS",
    "subProductCode": "ILC",
    "productName": "Investment Loan",
    "name": "Investment Loan",
    "productCategory": "RESIDENTIAL_MORTGAGES",
    "openBankingCategory": "RESIDENTIAL_MORTGAGES",
    "openBankingEligibility": true,
    "systemName": "CAP"
  },
  {
    "systemId": "963",
    "productCode": "ILS",
    "subProductCode": "IRB",
    "productName": "Residential Investment Property Land Loan",
    "name": "Residential Investment Property Land Loan",
    "productCategory": "RESIDENTIAL_MORTGAGES",
    "openBankingCategory": "RESIDENTIAL_MORTGAGES",
    "openBankingEligibility": true,
    "systemName": "CAP"
  },
  {
    "systemId": "963",
    "productCode": "ILS",
    "subProductCode": "IRC",
    "productName": "Residential Investment Land Loan",
    "name": "Residential Investment Land Loan",
    "productCategory": "RESIDENTIAL_MORTGAGES",
    "openBankingCategory": "RESIDENTIAL_MORTGAGES",
    "openBankingEligibility": true,
    "systemName": "CAP"
  },
  {
    "systemId": "963",
    "productCode": "ILS",
    "subProductCode": "IVB",
    "productName": "Residential Investment Property Loan",
    "name": "Residential Investment Property Loan",
    "productCategory": "RESIDENTIAL_MORTGAGES",
    "openBankingCategory": "RESIDENTIAL_MORTGAGES",
    "openBankingEligibility": true,
    "systemName": "CAP"
  },
  {
    "systemId": "963",
    "productCode": "ILS",
    "subProductCode": "IVC",
    "productName": "Residential Investment Loan",
    "name": "Residential Investment Loan",
    "productCategory": "RESIDENTIAL_MORTGAGES",
    "openBankingCategory": "RESIDENTIAL_MORTGAGES",
    "openBankingEligibility": true,
    "systemName": "CAP"
  },
  {
    "systemId": "963",
    "productCode": "ILS",
    "subProductCode": "MPC",
    "productName": "ANZ Portfolio Facility",
    "name": "ANZ Portfolio Facility",
    "productCategory": "RESIDENTIAL_MORTGAGES",
    "openBankingCategory": "RESIDENTIAL_MORTGAGES",
    "openBankingEligibility": true,
    "systemName": "CAP"
  },
  {
    "systemId": "963",
    "productCode": "ILS",
    "subProductCode": "OIC",
    "productName": "Personal Loan",
    "name": "Personal Loan",
    "productCategory": "PERS_LOANS",
    "openBankingCategory": "PERS_LOANS",
    "openBankingEligibility": true,
    "systemName": "CAP"
  },
  {
    "systemId": "963",
    "productCode": "ILS",
    "subProductCode": "OVB",
    "productName": "Fully Drawn Advance",
    "name": "Fully Drawn Advance",
    "productCategory": "PERS_LOANS",
    "openBankingCategory": "PERS_LOANS",
    "openBankingEligibility": true,
    "systemName": "CAP"
  },
  {
    "systemId": "963",
    "productCode": "ILS",
    "subProductCode": "OVC",
    "productName": "Personal Loan",
    "name": "Personal Loan",
    "productCategory": "PERS_LOANS",
    "openBankingCategory": "PERS_LOANS",
    "openBankingEligibility": true,
    "systemName": "CAP"
  },
  {
    "systemId": "963",
    "productCode": "ILS",
    "subProductCode": "SVC",
    "productName": "Student Loan",
    "name": "Student Loan",
    "productCategory": "PERS_LOANS",
    "openBankingCategory": "PERS_LOANS",
    "openBankingEligibility": true,
    "systemName": "CAP"
  },
  {
    "systemId": "184",
    "productCode": "FM",
    "subProductCode": "V2P",
    "productName": "V2 PLUS Account",
    "name": "V2 PLUS Account",
    "productCategory": "TRANS_AND_SAVINGS_ACCOUNTS",
    "openBankingCategory": "TRANS_AND_SAVINGS_ACCOUNTS",
    "openBankingEligibility": true,
    "systemName": "V2P"
  },
  {
    "systemId": "184",
    "productCode": "FM",
    "subProductCode": "V2S",
    "productName": "V2 PLUS Standard Account",
    "name": "V2 PLUS Standard Account",
    "productCategory": "TRANS_AND_SAVINGS_ACCOUNTS",
    "openBankingCategory": "TRANS_AND_SAVINGS_ACCOUNTS",
    "openBankingEligibility": true,
    "systemName": "V2P"
  },
  {
    "systemId": "184",
    "productCode": "FM",
    "subProductCode": "VWP",
    "productName": "V2 PLUS Account",
    "name": "V2 PLUS Account",
    "productCategory": "TRANS_AND_SAVINGS_ACCOUNTS",
    "openBankingCategory": "TRANS_AND_SAVINGS_ACCOUNTS",
    "openBankingEligibility": true,
    "systemName": "V2P"
  },
  {
    "systemId": "184",
    "productCode": "FM",
    "subProductCode": "VWS",
    "productName": "V2 PLUS Standard Account",
    "name": "V2 PLUS Standard Account",
    "productCategory": "TRANS_AND_SAVINGS_ACCOUNTS",
    "openBankingCategory": "TRANS_AND_SAVINGS_ACCOUNTS",
    "openBankingEligibility": true,
    "systemName": "V2P"
  }
]